Ville; Prix; Surface; NbrChambre; NbrPiece; Date; MatchCriteria; WebSite; ToCheck; UrlDetail
VIRY CHATILLON; 305000; 110; 4; 6; 20/05/2017 23:11:49; False; www.agencesopportunity.com; True; http://www.agencesopportunity.com/annonce,vente-maison-viry-chatillon,6029,734146,fr.html
LES PAVILLONS SOUS BOIS; 315000; 80; 2; 3; 20/05/2017 23:11:49; False; www.agencesopportunity.com; True; http://www.agencesopportunity.com/annonce,vente-maison-les-pavillons-sous-bois,6029,1638490,fr.html
SAINT MAURICE SUR MOSELLE; 320000; 190; 3; 7; 20/05/2017 23:11:49; False; www.agencesopportunity.com; True; http://www.agencesopportunity.com/annonce,vente-maison-saint-maurice-sur-moselle,6029,8586618,fr.html
MONTREUIL; 320000; 74; 2; 3; 20/05/2017 23:11:50; False; www.agencesopportunity.com; True; http://www.agencesopportunity.com/annonce,vente-maison-montreuil,6029,1305299,fr.html
STIGNY; 334000; 250; 4; 8; 20/05/2017 23:11:51; False; www.agencesopportunity.com; True; http://www.agencesopportunity.com/annonce,vente-maison-stigny,6029,950300,fr.html
LIVRY GARGAN; 345000; 125; 4; 5; 20/05/2017 23:11:52; False; www.agencesopportunity.com; True; http://www.agencesopportunity.com/annonce,vente-maison-livry-gargan,6029,1327459,fr.html
CHELLES; 352000; 115; 4; 5; 20/05/2017 23:11:52; False; www.agencesopportunity.com; True; http://www.agencesopportunity.com/annonce,vente-maison-chelles,6029,1310710,fr.html
SEVRAN; 354000; 122; 4; 5; 20/05/2017 23:11:53; False; www.agencesopportunity.com; True; http://www.agencesopportunity.com/annonce,vente-maison-sevran,6029,828090,fr.html
THIAIS; 360000; 88; 3; 4; 20/05/2017 23:11:53; False; www.agencesopportunity.com; True; http://www.agencesopportunity.com/annonce,vente-maison-thiais,6029,1581932,fr.html
DRANCY; 360000; 120; 4; 5; 20/05/2017 23:11:53; False; www.agencesopportunity.com; True; http://www.agencesopportunity.com/annonce,vente-maison-drancy,6029,1669979,fr.html
LES PAVILLONS SOUS BOIS; 365000; 120; 3; 5; 20/05/2017 23:11:54; False; www.agencesopportunity.com; True; http://www.agencesopportunity.com/annonce,vente-maison-les-pavillons-sous-bois,6029,1373088,fr.html
SEVRAN; 379000; 200; 4; 4; 20/05/2017 23:11:54; False; www.agencesopportunity.com; True; http://www.agencesopportunity.com/annonce,vente-maison-sevran,6029,814347,fr.html
CHAMPIGNY SUR MARNE; 395000; 105; 3; 6; 20/05/2017 23:11:54; False; www.agencesopportunity.com; True; http://www.agencesopportunity.com/annonce,vente-maison-champigny-sur-marne,6029,1277549,fr.html
MONTREUIL; 399000; 230; 4; 9; 20/05/2017 23:11:54; True; www.agencesopportunity.com; True; http://www.agencesopportunity.com/annonce,vente-maison-montreuil,6029,m05974,fr.html
SAINT BRIEUC; 414000; 210; 4; 8; 20/05/2017 23:11:54; False; www.agencesopportunity.com; True; http://www.agencesopportunity.com/annonce,vente-maison-saint-brieuc,6029,1581331,fr.html
EPONE; -666; 200; 5; 6; 20/05/2017 23:11:55; False; www.agencesopportunity.com; True; http://www.agencesopportunity.com/annonce,vente-maison-epone,6029,1465413,fr.html
LIVRY GARGAN; 475000; 186; 5; 6; 20/05/2017 23:11:55; False; www.agencesopportunity.com; True; http://www.agencesopportunity.com/annonce,vente-maison-livry-gargan,6029,1320270,fr.html
FONTENAY SOUS BOIS; 485000; 120; 5; 6; 20/05/2017 23:11:55; True; www.agencesopportunity.com; True; http://www.agencesopportunity.com/annonce,vente-maison-fontenay-sous-bois,6029,1661059,fr.html
VITRY SUR SEINE; 510000; 170; 6; 9; 20/05/2017 23:11:56; False; www.agencesopportunity.com; True; http://www.agencesopportunity.com/annonce,vente-maison-vitry-sur-seine,6029,1574976,fr.html
LIVRY GARGAN; 540000; 230; 4; 6; 20/05/2017 23:11:56; False; www.agencesopportunity.com; True; http://www.agencesopportunity.com/annonce,vente-maison-livry-gargan,6029,1326750,fr.html
MONTREUIL; 540000; 185; 4; 7; 20/05/2017 23:11:56; True; www.agencesopportunity.com; True; http://www.agencesopportunity.com/annonce,vente-maison-montreuil,6029,833160,fr.html
BONNEUIL SUR MARNE; 570000; 140; 4; 5; 20/05/2017 23:11:57; False; www.agencesopportunity.com; True; http://www.agencesopportunity.com/annonce,vente-maison-bonneuil-sur-marne,6029,1623225,fr.html
ENTRECHAUX; 599000; 300; 7; 10; 20/05/2017 23:11:57; False; www.agencesopportunity.com; True; http://www.agencesopportunity.com/annonce,vente-maison-entrechaux,6029,972468,fr.html
EVRY GREGY SUR YERRE; 599000; 250; 6; 8; 20/05/2017 23:11:57; False; www.agencesopportunity.com; True; http://www.agencesopportunity.com/annonce,vente-maison-evry-gregy-sur-yerre,6029,1661329,fr.html
DRAGUIGNAN; 655000; 175; 3; 6; 20/05/2017 23:11:58; False; www.agencesopportunity.com; True; http://www.agencesopportunity.com/annonce,vente-mas-draguignan,6029,1117604,fr.html
NOGENT SUR MARNE; 660000; 94; 2; 5; 20/05/2017 23:11:58; True; www.agencesopportunity.com; True; http://www.agencesopportunity.com/annonce,vente-maison-nogent-sur-marne,6029,1664070,fr.html
MONTREUIL; 670000; 260; 5; 10; 20/05/2017 23:11:58; True; www.agencesopportunity.com; True; http://www.agencesopportunity.com/annonce,vente-maison-montreuil,6029,1254084,fr.html
BRAY SUR SEINE; 700000; 180; 4; 7; 20/05/2017 23:11:58; False; www.agencesopportunity.com; True; http://www.agencesopportunity.com/annonce,vente-propriete-bray-sur-seine,6029,1424098,fr.html
CLAYE SOUILLY; 720000; 100; 4; 3; 20/05/2017 23:11:59; False; www.agencesopportunity.com; True; http://www.agencesopportunity.com/annonce,vente-maison-claye-souilly,6029,1609351,fr.html
LES LILAS; 730000; 180; 2; 6; 20/05/2017 23:11:59; False; www.agencesopportunity.com; True; http://www.agencesopportunity.com/annonce,vente-maison-les-lilas,6029,1331076,fr.html
FONTENAY SOUS BOIS; 730000; 184; 4; 6; 20/05/2017 23:12:00; True; www.agencesopportunity.com; True; http://www.agencesopportunity.com/annonce,vente-maison-fontenay-sous-bois,6029,1705253,fr.html
NOGENT SUR MARNE; 765000; 100; 3; 4; 20/05/2017 23:12:00; True; www.agencesopportunity.com; True; http://www.agencesopportunity.com/annonce,vente-maison-nogent-sur-marne,6029,738505,fr.html
MAISONS ALFORT; 775000; -666; 4; 6; 20/05/2017 23:12:00; False; www.agencesopportunity.com; True; http://www.agencesopportunity.com/annonce,vente-maison-maisons-alfort,6029,1235262,fr.html
CRETEIL; 790000; 200; 2; 6; 20/05/2017 23:12:01; False; www.agencesopportunity.com; True; http://www.agencesopportunity.com/annonce,vente-maison-creteil,6029,783087,fr.html
VENCE; 795000; 165; 2; 4; 20/05/2017 23:12:02; False; www.agencesopportunity.com; True; http://www.agencesopportunity.com/annonce,vente-maison-vence,6029,796209,fr.html
DIGES; 800000; 630; 5; 13; 20/05/2017 23:12:02; False; www.agencesopportunity.com; True; http://www.agencesopportunity.com/annonce,vente-maison-diges,6029,962686,fr.html
LE RAINCY; 800000; 264; 5; 8; 20/05/2017 23:12:02; False; www.agencesopportunity.com; True; http://www.agencesopportunity.com/annonce,vente-maison-le-raincy,6029,1228575,fr.html
LA VARENNE SAINT HILAIRE; 840000; 130; 4; 7; 20/05/2017 23:12:02; False; www.agencesopportunity.com; True; http://www.agencesopportunity.com/annonce,vente-maison-la-varenne-saint-hilaire,6029,1703812,fr.html
LIVRY GARGAN; 840000; 200; 4; 6; 20/05/2017 23:12:03; False; www.agencesopportunity.com; True; http://www.agencesopportunity.com/annonce,vente-maison-livry-gargan,6029,1250019,fr.html
PARENTIS EN BORN; 945000; 250; 4; 7; 20/05/2017 23:12:03; False; www.agencesopportunity.com; True; http://www.agencesopportunity.com/annonce,vente-maison-parentis-en-born,6029,m04531,fr.html
LE PERREUX SUR MARNE; 990000; 168; 4; 6; 20/05/2017 23:12:03; False; www.agencesopportunity.com; True; http://www.agencesopportunity.com/annonce,vente-maison-le-perreux-sur-marne,6029,1293036,fr.html
JOINVILLE LE PONT; 1080000; 145; 4; 7; 20/05/2017 23:12:04; False; www.agencesopportunity.com; True; http://www.agencesopportunity.com/annonce,vente-maison-joinville-le-pont,6029,737899,fr.html
FONTENAY SOUS BOIS; 1100000; 343; 4; 10; 20/05/2017 23:12:04; False; www.agencesopportunity.com; True; http://www.agencesopportunity.com/annonce,vente-maison-fontenay-sous-bois,6029,930417,fr.html
BRY SUR MARNE; 1250000; 220; 5; 7; 20/05/2017 23:12:04; False; www.agencesopportunity.com; True; http://www.agencesopportunity.com/annonce,vente-villa-bry-sur-marne,6029,1028488,fr.html
LE RAINCY; 1260000; 253; 4; 8; 20/05/2017 23:12:05; False; www.agencesopportunity.com; True; http://www.agencesopportunity.com/annonce,vente-villa-le-raincy,6029,1221176,fr.html
MONTREUIL; 1275000; 347; 4; 8; 20/05/2017 23:12:05; False; www.agencesopportunity.com; True; http://www.agencesopportunity.com/annonce,vente-maison-montreuil,6029,1362872,fr.html
NOGENT SUR MARNE; 1300000; 200; 4; 7; 20/05/2017 23:12:06; False; www.agencesopportunity.com; True; http://www.agencesopportunity.com/annonce,vente-maison-nogent-sur-marne,6029,m06134,fr.html
NOISY LE GRAND; 1420000; 375; 9; 11; 20/05/2017 23:12:07; False; www.agencesopportunity.com; True; http://www.agencesopportunity.com/annonce,vente-maison-noisy-le-grand,6029,1268226,fr.html
MONTREUIL; 1470000; 430; 3; 7; 20/05/2017 23:12:07; False; www.agencesopportunity.com; True; http://www.agencesopportunity.com/annonce,vente-maison-montreuil,6029,m04758,fr.html
MONTREUIL; 1480000; 418; 7; 10; 20/05/2017 23:12:07; False; www.agencesopportunity.com; True; http://www.agencesopportunity.com/annonce,vente-maison-montreuil,6029,886197,fr.html
COUTARNOUX; 1500000; -666; 16; 39; 20/05/2017 23:12:08; False; www.agencesopportunity.com; True; http://www.agencesopportunity.com/annonce,vente-chateau-coutarnoux,6029,005910,fr.html
PONT L ABBE; -666; -666; -666; -666; 20/05/2017 23:12:08; False; www.agencesopportunity.com; True; http://www.agencesopportunity.com/annonce,vente-maison-pont-l-abbe,6029,1624743,fr.html
ROQUEBRUNE CAP MARTIN; 2500000; 240; 3; 5; 20/05/2017 23:12:08; False; www.agencesopportunity.com; True; http://www.agencesopportunity.com/annonce,vente-maison-roquebrune-cap-martin,6029,1233868,fr.html
PARIS 5EME; -666; -666; -666; -666; 20/05/2017 23:12:09; False; www.agencesopportunity.com; True; http://www.agencesopportunity.com/annonce,vente-immeuble-paris-5eme,6029,1678189,fr.html
QUINCY VOISINS; 2900000; 700; 6; 15; 20/05/2017 23:12:09; False; www.agencesopportunity.com; True; http://www.agencesopportunity.com/annonce,vente-maison-quincy-voisins,6029,785979,fr.html
PARTICULIER FONTENAY SOUS BOIS; 3700000; 700; 5; 11; 20/05/2017 23:12:09; False; www.agencesopportunity.com; True; http://www.agencesopportunity.com/annonce,vente-hotel-particulier-fontenay-sous-bois,6029,890019,fr.html
FONTENAY SOUS BOIS; 12900; 13; 0; 1; 20/05/2017 23:12:10; False; www.bsi94.com; True; http://www.bsi94.com/bsi-annonce-immobilier.php?ref=2208&mt=02207&menu=2
FONTENAY SOUS BOIS; 165000; 33; 0; 2; 20/05/2017 23:12:10; False; www.bsi94.com; True; http://www.bsi94.com/bsi-annonce-immobilier.php?ref=2265&mt=02293&menu=2
FONTENAY SOUS BOIS; 168000; 26; 0; 1; 20/05/2017 23:12:10; False; www.bsi94.com; True; http://www.bsi94.com/bsi-annonce-immobilier.php?ref=2184&mt=namumu&menu=2
FONTENAY SOUS BOIS; 169000; 29; 0; 2; 20/05/2017 23:12:10; False; www.bsi94.com; True; http://www.bsi94.com/bsi-annonce-immobilier.php?ref=2249&mt=DEMANN&menu=2
FONTENAY SOUS BOIS; 174000; 55; 0; 3; 20/05/2017 23:12:10; False; www.bsi94.com; True; http://www.bsi94.com/bsi-annonce-immobilier.php?ref=2191&mt=do2&menu=2
FONTENAY SOUS BOIS; 174000; 37; 0; 2; 20/05/2017 23:12:10; False; www.bsi94.com; True; http://www.bsi94.com/bsi-annonce-immobilier.php?ref=2125&mt=hihi&menu=2
FONTENAY SOUS BOIS; 188000; 39; 0; 2; 20/05/2017 23:12:11; False; www.bsi94.com; True; http://www.bsi94.com/bsi-annonce-immobilier.php?ref=2247&mt=02270&menu=2
FONTENAY SOUS BOIS; 189000; 32; 0; 2; 20/05/2017 23:12:11; False; www.bsi94.com; True; http://www.bsi94.com/bsi-annonce-immobilier.php?ref=2198&mt=0211aaa&menu=2
FONTENAY SOUS BOIS; 189500; 25; 0; 1; 20/05/2017 23:12:11; False; www.bsi94.com; True; http://www.bsi94.com/bsi-annonce-immobilier.php?ref=2261&mt=Vincennes&menu=2
FONTENAY SOUS BOIS; 199000; 48; 0; 2; 20/05/2017 23:12:11; False; www.bsi94.com; True; http://www.bsi94.com/bsi-annonce-immobilier.php?ref=2275&mt=02313&menu=2
FONTENAY SOUS BOIS; 199500; 82; 0; 4; 20/05/2017 23:12:11; False; www.bsi94.com; True; http://www.bsi94.com/bsi-annonce-immobilier.php?ref=2216&mt=&menu=2
FONTENAY SOUS BOIS; 199900; 59; 0; 3; 20/05/2017 23:12:11; False; www.bsi94.com; True; http://www.bsi94.com/bsi-annonce-immobilier.php?ref=2150&mt=02164&menu=2
FONTENAY SOUS BOIS; 205000; 63; 0; 3; 20/05/2017 23:12:11; False; www.bsi94.com; True; http://www.bsi94.com/bsi-annonce-immobilier.php?ref=2172&mt=Dada&menu=2
FONTENAY SOUS BOIS; 215000; 35; 0; 2; 20/05/2017 23:12:11; False; www.bsi94.com; True; http://www.bsi94.com/bsi-annonce-immobilier.php?ref=2298&mt=770772&menu=2
FONTENAY SOUS BOIS; 218000; 65; 0; 3; 20/05/2017 23:12:11; False; www.bsi94.com; True; http://www.bsi94.com/bsi-annonce-immobilier.php?ref=2177&mt=ben1&menu=2
FONTENAY SOUS BOIS; 219000; 50; 0; 3; 20/05/2017 23:12:12; False; www.bsi94.com; True; http://www.bsi94.com/bsi-annonce-immobilier.php?ref=1936&mt=ME&menu=2
FONTENAY SOUS BOIS; 225000; 66; 0; 3; 20/05/2017 23:12:12; False; www.bsi94.com; True; http://www.bsi94.com/bsi-annonce-immobilier.php?ref=2187&mt=vivis&menu=2
FONTENAY SOUS BOIS; 225000; 60; 0; 3; 20/05/2017 23:12:12; False; www.bsi94.com; True; http://www.bsi94.com/bsi-annonce-immobilier.php?ref=2082&mt=02058&menu=2
FONTENAY SOUS BOIS; 228000; 60; 0; 3; 20/05/2017 23:12:12; False; www.bsi94.com; True; http://www.bsi94.com/bsi-annonce-immobilier.php?ref=2025&mt=01855&menu=2
FONTENAY SOUS BOIS; 260000; 63; 0; 3; 20/05/2017 23:12:12; False; www.bsi94.com; True; http://www.bsi94.com/bsi-annonce-immobilier.php?ref=2286&mt=02311&menu=2
FONTENAY SOUS BOIS; 262000; 57; 0; 3; 20/05/2017 23:12:12; False; www.bsi94.com; True; http://www.bsi94.com/bsi-annonce-immobilier.php?ref=2188&mt=02208&menu=2
FONTENAY SOUS BOIS; 265000; 60; 0; 3; 20/05/2017 23:12:12; False; www.bsi94.com; True; http://www.bsi94.com/bsi-annonce-immobilier.php?ref=2304&mt=LafB&menu=2
FONTENAY SOUS BOIS; 277000; 82; 0; 4; 20/05/2017 23:12:12; False; www.bsi94.com; True; http://www.bsi94.com/bsi-annonce-immobilier.php?ref=2299&mt=02327&menu=2
FONTENAY SOUS BOIS; 290000; 62; 0; 3; 20/05/2017 23:12:12; False; www.bsi94.com; True; http://www.bsi94.com/bsi-annonce-immobilier.php?ref=2119&mt=02118&menu=2
FONTENAY SOUS BOIS; 297000; 71; 0; 4; 20/05/2017 23:12:13; False; www.bsi94.com; True; http://www.bsi94.com/bsi-annonce-immobilier.php?ref=2251&mt=02272&menu=2
FONTENAY SOUS BOIS; 299000; 60; 0; 3; 20/05/2017 23:12:13; False; www.bsi94.com; True; http://www.bsi94.com/bsi-annonce-immobilier.php?ref=2266&mt=REF2031&menu=2
FONTENAY SOUS BOIS; 300000; 53; 0; 3; 20/05/2017 23:12:13; False; www.bsi94.com; True; http://www.bsi94.com/bsi-annonce-immobilier.php?ref=2291&mt=zinado&menu=2
FONTENAY SOUS BOIS; 315000; 57; 0; 315000; 20/05/2017 23:12:13; False; www.bsi94.com; True; http://www.bsi94.com/bsi-annonce-immobilier.php?ref=2255&mt=excl2&menu=2
FONTENAY SOUS BOIS; 319000; 88; 0; 4; 20/05/2017 23:12:13; True; www.bsi94.com; True; http://www.bsi94.com/bsi-annonce-immobilier.php?ref=2254&mt=02279&menu=2
ROSNY SOUS BOIS; 330000; 100; 0; 5; 20/05/2017 23:12:13; False; www.bsi94.com; True; http://www.bsi94.com/bsi-annonce-immobilier.php?ref=2282&mt=02317&menu=2
FONTENAY SOUS BOIS; 335000; 87; 0; 4; 20/05/2017 23:12:14; True; www.bsi94.com; True; http://www.bsi94.com/bsi-annonce-immobilier.php?ref=2278&mt=hatt&menu=2
FONTENAY SOUS BOIS; 339000; 68; 0; 4; 20/05/2017 23:12:14; False; www.bsi94.com; True; http://www.bsi94.com/bsi-annonce-immobilier.php?ref=2218&mt=34piècesRIGOLLOTSPLEINSUD&menu=2
FONTENAY SOUS BOIS; 345000; 68; 0; 3; 20/05/2017 23:12:14; False; www.bsi94.com; True; http://www.bsi94.com/bsi-annonce-immobilier.php?ref=2292&mt=dodododo&menu=2
FONTENAY SOUS BOIS; 348000; 62; 0; 4; 20/05/2017 23:12:14; False; www.bsi94.com; True; http://www.bsi94.com/bsi-annonce-immobilier.php?ref=2235&mt=4piècesvillageccaa&menu=2
FONTENAY SOUS BOIS; 350000; 55; 0; 3; 20/05/2017 23:12:14; False; www.bsi94.com; True; http://www.bsi94.com/bsi-annonce-immobilier.php?ref=1986&mt=01970&menu=2
FONTENAY SOUS BOIS; 370000; 104; 0; 5; 20/05/2017 23:12:14; True; www.bsi94.com; True; http://www.bsi94.com/bsi-annonce-immobilier.php?ref=2253&mt=02275&menu=2
MONTREUIL; 380000; 59; 0; 3; 20/05/2017 23:12:14; False; www.bsi94.com; True; http://www.bsi94.com/bsi-annonce-immobilier.php?ref=2176&mt=02190&menu=2
FONTENAY SOUS BOIS; 382000; 90; 0; 4; 20/05/2017 23:12:14; True; www.bsi94.com; True; http://www.bsi94.com/bsi-annonce-immobilier.php?ref=2267&mt=ref2032&menu=2
FONTENAY SOUS BOIS; 385000; 90; 0; 4; 20/05/2017 23:12:14; True; www.bsi94.com; True; http://www.bsi94.com/bsi-annonce-immobilier.php?ref=2306&mt=235&menu=2
; 390000; 350; 0; 0; 20/05/2017 23:12:15; False; www.bsi94.com; True; http://www.bsi94.com/bsi-annonce-immobilier.php?ref=2279&mt=PIPICC&menu=2
FONTENAY SOUS BOIS; 397000; 80; 0; 4; 20/05/2017 23:12:15; False; www.bsi94.com; True; http://www.bsi94.com/bsi-annonce-immobilier.php?ref=2287&mt=000032&menu=2
FONTENAY SOUS BOIS; 399000; 76; 0; 3; 20/05/2017 23:12:15; False; www.bsi94.com; True; http://www.bsi94.com/bsi-annonce-immobilier.php?ref=2211&mt=02232&menu=2
FONTENAY SOUS BOIS; 399000; 100; 0; 5; 20/05/2017 23:12:15; True; www.bsi94.com; True; http://www.bsi94.com/bsi-annonce-immobilier.php?ref=2257&mt=889&menu=2
FONTENAY SOUS BOIS; 405000; 90; 0; 4; 20/05/2017 23:12:15; True; www.bsi94.com; True; http://www.bsi94.com/bsi-annonce-immobilier.php?ref=2225&mt=2243&menu=2
FONTENAY SOUS BOIS; 407000; 100; 0; 4; 20/05/2017 23:12:15; True; www.bsi94.com; True; http://www.bsi94.com/bsi-annonce-immobilier.php?ref=2116&mt=02104&menu=2
FONTENAY SOUS BOIS; 412000; 90; 0; 4; 20/05/2017 23:12:15; True; www.bsi94.com; True; http://www.bsi94.com/bsi-annonce-immobilier.php?ref=2151&mt=02165&menu=2
FONTENAY SOUS BOIS; 427000; 65; 0; 3; 20/05/2017 23:12:15; False; www.bsi94.com; True; http://www.bsi94.com/bsi-annonce-immobilier.php?ref=2189&mt=02340&menu=2
NOGENT SUR MARNE; 440000; 71; 0; 3; 20/05/2017 23:12:15; False; www.bsi94.com; True; http://www.bsi94.com/bsi-annonce-immobilier.php?ref=2301&mt=02230&menu=2
FONTENAY SOUS BOIS; 445000; 98; 0; 4; 20/05/2017 23:12:15; True; www.bsi94.com; True; http://www.bsi94.com/bsi-annonce-immobilier.php?ref=2276&mt=02314&menu=2
FONTENAY SOUS BOIS; 450000; 100; 0; 5; 20/05/2017 23:12:16; True; www.bsi94.com; True; http://www.bsi94.com/bsi-annonce-immobilier.php?ref=2195&mt=mais3&menu=2
FONTENAY SOUS BOIS; 455000; 120; 0; 5; 20/05/2017 23:12:16; True; www.bsi94.com; True; http://www.bsi94.com/bsi-annonce-immobilier.php?ref=2294&mt=titotiuu&menu=2
FONTENAY SOUS BOIS; 464000; 106; 0; 4; 20/05/2017 23:12:16; True; www.bsi94.com; True; http://www.bsi94.com/bsi-annonce-immobilier.php?ref=2073&mt=P2001&menu=2
FONTENAY SOUS BOIS; 477000; 80; 0; 4; 20/05/2017 23:12:16; False; www.bsi94.com; True; http://www.bsi94.com/bsi-annonce-immobilier.php?ref=2262&mt=02305&menu=2
FONTENAY SOUS BOIS; 549000; 90; 0; 5; 20/05/2017 23:12:16; True; www.bsi94.com; True; http://www.bsi94.com/bsi-annonce-immobilier.php?ref=2248&mt=Z2&menu=2
FONTENAY SOUS BOIS; 632000; 120; 0; 5; 20/05/2017 23:12:16; True; www.bsi94.com; True; http://www.bsi94.com/bsi-annonce-immobilier.php?ref=2280&mt=02294&menu=2
BAGNOLET; 639000; 142; 0; 5; 20/05/2017 23:12:16; False; www.bsi94.com; True; http://www.bsi94.com/bsi-annonce-immobilier.php?ref=768&mt=LOFT&menu=2
FONTENAY SOUS BOIS; 664000; 110; 0; 4; 20/05/2017 23:12:16; True; www.bsi94.com; True; http://www.bsi94.com/bsi-annonce-immobilier.php?ref=2224&mt=02238&menu=2
FONTENAY SOUS BOIS; 699900; 180; 0; 6; 20/05/2017 23:12:16; True; www.bsi94.com; True; http://www.bsi94.com/bsi-annonce-immobilier.php?ref=2199&mt=01976&menu=2
FONTENAY SOUS BOIS; 770000; 188; 0; 6; 20/05/2017 23:12:17; True; www.bsi94.com; True; http://www.bsi94.com/bsi-annonce-immobilier.php?ref=2283&mt=foufifou&menu=2
FONTENAY SOUS BOIS; 870000; 300; 0; 7; 20/05/2017 23:12:17; False; www.bsi94.com; True; http://www.bsi94.com/bsi-annonce-immobilier.php?ref=2059&mt=2040&menu=2
FONTENAY SOUS BOIS; 1650000; 200; 0; 6; 20/05/2017 23:12:17; False; www.bsi94.com; True; http://www.bsi94.com/bsi-annonce-immobilier.php?ref=2202&mt=02219&menu=2
NOGENT SUR MARNE; 884000; 140; 0; 6; 20/05/2017 23:12:18; False; www.emotion.immo; True; http://www.emotion.immo/../fiches/4-40-26_20751889/maison-6-piece-s-150-m2.html
BRY SUR MARNE; 395000; 49; 0; 3; 20/05/2017 23:12:19; False; www.emotion.immo; True; http://www.emotion.immo/../fiches/3-33-29_20656133/appartement-bry-sur-marne-3-piece-s-49-m2.html
NOGENT SUR MARNE; 283000; 44; 0; 2; 20/05/2017 23:12:20; False; www.emotion.immo; True; http://www.emotion.immo/../fiches/3-33-28_20657691/appartement-nogent-sur-marne-2-piece-s-44-m2.html
NOGENT SUR MARNE; 338000; 60; 0; 3; 20/05/2017 23:12:22; False; www.emotion.immo; True; http://www.emotion.immo/../fiches/3-33-29_19233728/appartement-nogent-sur-marne-3-piece-s-60-4-m2-avec-terrasse-et-jardin-de-120m2.html
LE PERREUX SUR MARNE; 167500; 38; 0; 2; 20/05/2017 23:12:23; False; www.emotion.immo; True; http://www.emotion.immo/../fiches/3-33-28_19594502/appartement-le-perreux-sur-marne-2-piece-s-38-m2.html
BRY SUR MARNE; 697000; 120; 0; 5; 20/05/2017 23:12:25; False; www.emotion.immo; True; http://www.emotion.immo/../fiches/4-40-26_20647796/maison-bry-sur-marne.html
VINCENNES; 895000; 102; 3; 5; 20/05/2017 23:12:28; False; www.lagenceduchateau.com; True; http://www.lagenceduchateau.com/599-MAISON-DE-5-PIECES-VINCENNES.html
FONTENAY SOUS BOIS; 699000; 27; 3; 4; 20/05/2017 23:12:28; False; www.lagenceduchateau.com; True; http://www.lagenceduchateau.com/626-4-PIECES-FONTENAY-PEPINIERE.html
VINCENNES; -666; -666; -666; -666; 20/05/2017 23:12:29; False; www.lagenceduchateau.com; True; http://www.lagenceduchateau.com/637-Appartement-5-pieces-80-1m2.html
VINCENNES; 585000; -666; 3; 5; 20/05/2017 23:12:29; False; www.lagenceduchateau.com; True; http://www.lagenceduchateau.com/629-5-PIECES-VINCENNES-LIMITE-FONTENAY.html
MONTREUIL; 575000; 110; 3; 5; 20/05/2017 23:12:29; True; www.lagenceduchateau.com; True; http://www.lagenceduchateau.com/639-5-pieces.html
VINCENNES; 565000; -666; 2; 3; 20/05/2017 23:12:29; False; www.lagenceduchateau.com; True; http://www.lagenceduchateau.com/615-VINCENTES-CARRE-MAGIQUE.html
VINCENNES; -666; -666; -666; -666; 20/05/2017 23:12:29; False; www.lagenceduchateau.com; True; http://www.lagenceduchateau.com/627-3-PIECES-VINCENNES-DEFRANCE-PROCHE-BOIS.html
MONTREUIL; 530000; -666; 2; 4; 20/05/2017 23:12:30; False; www.lagenceduchateau.com; True; http://www.lagenceduchateau.com/614-4-pieces-avec-grand-balcon.html
; -666; -666; -666; -666; 20/05/2017 23:12:30; False; www.lagenceduchateau.com; True; http://www.lagenceduchateau.com/621-FONTENAY-A-2-PAS-DU-BOIS.html
VINCENNES; -666; -666; -666; -666; 20/05/2017 23:12:30; False; www.lagenceduchateau.com; True; http://www.lagenceduchateau.com/636-Appartement-3-pieces-51-06-m2.html
MONTREUIL; 410000; -666; 2; 4; 20/05/2017 23:12:30; False; www.lagenceduchateau.com; True; http://www.lagenceduchateau.com/631-3-4-pieces.html
MONTREUIL; 315000; -666; 1; 2; 20/05/2017 23:12:30; False; www.lagenceduchateau.com; True; http://www.lagenceduchateau.com/630-2-Pieces.html
MONTREUIL; 290000; 52; 2; 3; 20/05/2017 23:12:31; False; www.lagenceduchateau.com; True; http://www.lagenceduchateau.com/634-3-pieces.html
MONTREUIL; -666; -666; -666; -666; 20/05/2017 23:12:31; False; www.lagenceduchateau.com; True; http://www.lagenceduchateau.com/624-Studio.html
NEUILLY SUR MARNE; 415000; 110; 0; 4; 20/05/2017 23:12:31; False; www.lcimmo.fr; True; http://www.lcimmo.fr/vente/details/486/vente-maison-4-pieces-3-chambres-neuilly-sur-marne-93330/
FONTENAY SOUS BOIS; 1450000; 240; 0; 7; 20/05/2017 23:12:31; False; www.lcimmo.fr; True; http://www.lcimmo.fr/vente/details/485/vente-maison-7-pieces-4-chambres-fontenay-sous-bois-94120/
FONTENAY SOUS BOIS; 320000; 65; 0; 3; 20/05/2017 23:12:31; False; www.lcimmo.fr; True; http://www.lcimmo.fr/vente/details/484/vente-appartement-3-pieces-2-chambres-fontenay-sous-bois-94120/
FONTENAY SOUS BOIS; 238000; -666; 0; 3; 20/05/2017 23:12:31; False; www.lcimmo.fr; True; http://www.lcimmo.fr/vente/details/483/vente-appartement-3-pieces-2-chambres-fontenay-sous-bois-94120/
FONTENAY SOUS BOIS; 320000; -666; 0; 5; 20/05/2017 23:12:31; False; www.lcimmo.fr; True; http://www.lcimmo.fr/vente/details/482/vente-appartement-5-pieces-3-chambres-fontenay-sous-bois-94120/
FONTENAY SOUS BOIS; 390000; 62; 0; 4; 20/05/2017 23:12:31; False; www.lcimmo.fr; True; http://www.lcimmo.fr/vente/details/481/vente-duplex-4-pieces-2-chambres-fontenay-sous-bois-94120/
FONTENAY SOUS BOIS; 495000; 76; 0; 4; 20/05/2017 23:12:32; False; www.lcimmo.fr; True; http://www.lcimmo.fr/vente/details/480/vente-duplex-4-pieces-3-chambres-fontenay-sous-bois-94120/
NEUILLY SUR MARNE; 165000; 68; 0; 3; 20/05/2017 23:12:32; False; www.lcimmo.fr; True; http://www.lcimmo.fr/vente/details/478/vente-appartement-3-pieces-2-chambres-neuilly-sur-marne-93330/
FONTENAY SOUS BOIS; 495000; 105; 0; 5; 20/05/2017 23:12:32; True; www.lcimmo.fr; True; http://www.lcimmo.fr/vente/details/477/vente-appartement-5-pieces-2-chambres-fontenay-sous-bois-94120/
FONTENAY SOUS BOIS; 270000; 58; 0; 3; 20/05/2017 23:12:32; False; www.lcimmo.fr; True; http://www.lcimmo.fr/vente/details/476/vente-appartement-3-pieces-1-chambre-fontenay-sous-bois-94120/
FONTENAY SOUS BOIS; 492000; 80; 0; 4; 20/05/2017 23:12:32; False; www.lcimmo.fr; True; http://www.lcimmo.fr/vente/details/475/vente-maison-4-pieces-fontenay-sous-bois-94120/
FONTENAY SOUS BOIS; 450000; -666; 0; 3; 20/05/2017 23:12:32; False; www.lcimmo.fr; True; http://www.lcimmo.fr/vente/details/474/vente-appartement-3-pieces-2-chambres-fontenay-sous-bois-94120/
FONTENAY SOUS BOIS; 550000; 140; 0; 5; 20/05/2017 23:12:32; True; www.lcimmo.fr; True; http://www.lcimmo.fr/vente/details/473/vente-maison-5-pieces-3-chambres-fontenay-sous-bois-94120/
FONTENAY SOUS BOIS; 319000; 66; 0; 3; 20/05/2017 23:12:32; False; www.lcimmo.fr; True; http://www.lcimmo.fr/vente/details/472/vente-appartement-3-pieces-2-chambres-fontenay-sous-bois-94120/
FONTENAY SOUS BOIS; 520000; 90; 0; 5; 20/05/2017 23:12:32; True; www.lcimmo.fr; True; http://www.lcimmo.fr/vente/details/471/vente-villa-5-pieces-3-chambres-fontenay-sous-bois-94120/
FONTENAY SOUS BOIS; 265000; -666; 0; 5; 20/05/2017 23:12:32; False; www.lcimmo.fr; True; http://www.lcimmo.fr/vente/details/470/vente-appartement-5-pieces-4-chambres-fontenay-sous-bois-94120/
FONTENAY SOUS BOIS; 240000; 48; 0; 3; 20/05/2017 23:12:32; False; www.lcimmo.fr; True; http://www.lcimmo.fr/vente/details/468/vente-appartement-3-pieces-2-chambres-fontenay-sous-bois-94120/
FONTENAY SOUS BOIS; 575000; 138; 0; 6; 20/05/2017 23:12:33; True; www.lcimmo.fr; True; http://www.lcimmo.fr/vente/details/466/vente-maison-6-pieces-4-chambres-fontenay-sous-bois-94120/
FONTENAY SOUS BOIS; 510000; 92; 0; 4; 20/05/2017 23:12:33; True; www.lcimmo.fr; True; http://www.lcimmo.fr/vente/details/465/vente-appartement-4-pieces-3-chambres-fontenay-sous-bois-94120/
FONTENAY SOUS BOIS; 340000; 57; 0; 2; 20/05/2017 23:12:33; False; www.lcimmo.fr; True; http://www.lcimmo.fr/vente/details/464/vente-maison-2-pieces-fontenay-sous-bois-94120/
FONTENAY SOUS BOIS; 740000; 110; 0; 5; 20/05/2017 23:12:33; True; www.lcimmo.fr; True; http://www.lcimmo.fr/vente/details/463/vente-maison-5-pieces-fontenay-sous-bois-94120/
FONTENAY SOUS BOIS; 460000; -666; 0; 5; 20/05/2017 23:12:33; False; www.lcimmo.fr; True; http://www.lcimmo.fr/vente/details/458/vente-appartement-5-pieces-3-chambres-fontenay-sous-bois-94120/
FONTENAY SOUS BOIS; 349000; 60; 0; 3; 20/05/2017 23:12:33; False; www.lcimmo.fr; True; http://www.lcimmo.fr/vente/details/457/vente-maison-3-pieces-fontenay-sous-bois-94120/
FONTENAY SOUS BOIS; 315000; -666; 0; 5; 20/05/2017 23:12:33; False; www.lcimmo.fr; True; http://www.lcimmo.fr/vente/details/456/vente-appartement-5-pieces-4-chambres-fontenay-sous-bois-94120/
FONTENAY SOUS BOIS; 1850000; 370; 0; 8; 20/05/2017 23:12:33; False; www.lcimmo.fr; True; http://www.lcimmo.fr/vente/details/455/vente-maison-8-pieces-7-chambres-fontenay-sous-bois-94120/
FONTENAY SOUS BOIS; 895000; 189; 0; 7; 20/05/2017 23:12:33; False; www.lcimmo.fr; True; http://www.lcimmo.fr/vente/details/454/vente-maison-7-pieces-3-chambres-fontenay-sous-bois-94120/
NEUILLY PLAISANCE; 799000; 235; 0; 8; 20/05/2017 23:12:33; False; www.lcimmo.fr; True; http://www.lcimmo.fr/vente/details/443/vente-maison-8-pieces-4-chambres-neuilly-plaisance-93360/
FONTENAY SOUS BOIS; 550000; -666; 0; 5; 20/05/2017 23:12:33; False; www.lcimmo.fr; True; http://www.lcimmo.fr/vente/details/442/vente-appartement-5-pieces-4-chambres-fontenay-sous-bois-94120/
FONTENAY SOUS BOIS; 930000; 215; 0; 6; 20/05/2017 23:12:34; False; www.lcimmo.fr; True; http://www.lcimmo.fr/vente/details/441/vente-maison-6-pieces-fontenay-sous-bois-94120/
FONTENAY SOUS BOIS; 799000; 122; 0; 6; 20/05/2017 23:12:34; True; www.lcimmo.fr; True; http://www.lcimmo.fr/vente/details/437/vente-appartement-6-pieces-fontenay-sous-bois-94120/
FONTENAY SOUS BOIS; 385000; -666; 0; 6; 20/05/2017 23:12:34; False; www.lcimmo.fr; True; http://www.lcimmo.fr/vente/details/436/vente-appartement-6-pieces-3-chambres-fontenay-sous-bois-94120/
FONTENAY SOUS BOIS; 540000; 150; 0; 6; 20/05/2017 23:12:34; True; www.lcimmo.fr; True; http://www.lcimmo.fr/vente/details/426/vente-maison-6-pieces-4-chambres-fontenay-sous-bois-94120/
FONTENAY SOUS BOIS; 262000; -666; 0; 4; 20/05/2017 23:12:34; False; www.lcimmo.fr; True; http://www.lcimmo.fr/vente/details/420/vente-appartement-4-pieces-3-chambres-fontenay-sous-bois-94120/
FONTENAY SOUS BOIS; 295000; -666; 0; 3; 20/05/2017 23:12:34; False; www.lcimmo.fr; True; http://www.lcimmo.fr/vente/details/417/vente-appartement-3-pieces-2-chambres-fontenay-sous-bois-94120/
FONTENAY SOUS BOIS; 370000; 56; 0; 2; 20/05/2017 23:12:34; False; www.lcimmo.fr; True; http://www.lcimmo.fr/vente/details/415/vente-appartement-2-pieces-1-chambre-fontenay-sous-bois-94120/
NOGENT SUR MARNE; 279000; 46; 0; 2; 20/05/2017 23:12:34; False; www.lcimmo.fr; True; http://www.lcimmo.fr/vente/details/414/vente-appartement-2-pieces-1-chambre-nogent-sur-marne-94130/
FONTENAY SOUS BOIS; 499000; 70; 0; 3; 20/05/2017 23:12:34; False; www.lcimmo.fr; True; http://www.lcimmo.fr/vente/details/407/vente-appartement-3-pieces-2-chambres-fontenay-sous-bois-94120/
FONTENAY SOUS BOIS; 530000; 130; 0; 5; 20/05/2017 23:12:34; True; www.lcimmo.fr; True; http://www.lcimmo.fr/vente/details/406/vente-maison-5-pieces-3-chambres-fontenay-sous-bois-94120/
FONTENAY SOUS BOIS; 1060000; 145; 0; 5; 20/05/2017 23:12:34; False; www.lcimmo.fr; True; http://www.lcimmo.fr/vente/details/397/vente-appartement-5-pieces-3-chambres-fontenay-sous-bois-94120/
FONTENAY SOUS BOIS; 670000; 120; 0; 5; 20/05/2017 23:12:35; True; www.lcimmo.fr; True; http://www.lcimmo.fr/vente/details/396/vente-maison-5-pieces-3-chambres-fontenay-sous-bois-94120/
FONTENAY SOUS BOIS; 420000; -666; 0; -666; 20/05/2017 23:12:35; False; www.lcimmo.fr; True; http://www.lcimmo.fr/vente/details/386/vente-local-d-activite-fontenay-sous-bois-94120/
FONTENAY SOUS BOIS; 365000; 68; 0; 4; 20/05/2017 23:12:35; False; www.lcimmo.fr; True; http://www.lcimmo.fr/vente/details/380/vente-appartement-4-pieces-3-chambres-fontenay-sous-bois-94120/
NOGENT SUR MARNE; 680000; 130; 0; 6; 20/05/2017 23:12:35; True; www.lcimmo.fr; True; http://www.lcimmo.fr/vente/details/379/vente-maison-6-pieces-4-chambres-nogent-sur-marne-94130/
FONTENAY SOUS BOIS; 290000; 51; 0; 3; 20/05/2017 23:12:35; False; www.lcimmo.fr; True; http://www.lcimmo.fr/vente/details/378/vente-appartement-3-pieces-2-chambres-fontenay-sous-bois-94120/
FONTENAY SOUS BOIS; 415000; 62; 0; 3; 20/05/2017 23:12:35; False; www.lcimmo.fr; True; http://www.lcimmo.fr/vente/details/377/vente-appartement-3-pieces-2-chambres-fontenay-sous-bois-94120/
FONTENAY SOUS BOIS; 345000; -666; 0; 4; 20/05/2017 23:12:35; False; www.lcimmo.fr; True; http://www.lcimmo.fr/vente/details/376/vente-appartement-4-pieces-2-chambres-fontenay-sous-bois-94120/
FONTENAY SOUS BOIS; 229000; -666; 0; 2; 20/05/2017 23:12:35; False; www.lcimmo.fr; True; http://www.lcimmo.fr/vente/details/375/vente-appartement-2-pieces-1-chambre-fontenay-sous-bois-94120/
FONTENAY SOUS BOIS; 290000; 55; 0; 3; 20/05/2017 23:12:35; False; www.lcimmo.fr; True; http://www.lcimmo.fr/vente/details/374/vente-appartement-3-pieces-fontenay-sous-bois-94120/
FONTENAY SOUS BOIS; 650000; 100; 0; 5; 20/05/2017 23:12:35; True; www.lcimmo.fr; True; http://www.lcimmo.fr/vente/details/373/vente-maison-5-pieces-3-chambres-fontenay-sous-bois-94120/
FONTENAY SOUS BOIS; 315000; -666; 0; 5; 20/05/2017 23:12:35; False; www.lcimmo.fr; True; http://www.lcimmo.fr/vente/details/372/vente-appartement-5-pieces-3-chambres-fontenay-sous-bois-94120/
NOGENT SUR MARNE; 969000; 140; 0; 6; 20/05/2017 23:12:36; False; www.lcimmo.fr; True; http://www.lcimmo.fr/vente/details/371/vente-maison-6-pieces-4-chambres-nogent-sur-marne-94130/
FONTENAY SOUS BOIS; 950000; 150; 0; 7; 20/05/2017 23:12:36; False; www.lcimmo.fr; True; http://www.lcimmo.fr/vente/details/370/vente-maison-7-pieces-5-chambres-fontenay-sous-bois-94120/
FONTENAY SOUS BOIS; 1350000; 170; 0; 8; 20/05/2017 23:12:36; False; www.lcimmo.fr; True; http://www.lcimmo.fr/vente/details/369/vente-maison-8-pieces-5-chambres-fontenay-sous-bois-94120/
FONTENAY SOUS BOIS; 749000; 180; 0; 8; 20/05/2017 23:12:36; True; www.lcimmo.fr; True; http://www.lcimmo.fr/vente/details/368/vente-maison-8-pieces-5-chambres-fontenay-sous-bois-94120/
FONTENAY SOUS BOIS; 1450000; 200; 0; 8; 20/05/2017 23:12:36; False; www.lcimmo.fr; True; http://www.lcimmo.fr/vente/details/367/vente-maison-8-pieces-5-chambres-fontenay-sous-bois-94120/
FONTENAY SOUS BOIS; 1280000; 250; 0; 8; 20/05/2017 23:12:36; False; www.lcimmo.fr; True; http://www.lcimmo.fr/vente/details/366/vente-maison-8-pieces-5-chambres-fontenay-sous-bois-94120/
FONTENAY SOUS BOIS; 799000; 160; 0; 7; 20/05/2017 23:12:36; True; www.lcimmo.fr; True; http://www.lcimmo.fr/vente/details/362/vente-maison-7-pieces-fontenay-sous-bois-94120/
FONTENAY SOUS BOIS; 426000; 110; 0; 3; 20/05/2017 23:12:36; False; www.lcimmo.fr; True; http://www.lcimmo.fr/vente/details/322/vente-maison-de-ville-3-pieces-2-chambres-fontenay-sous-bois-94120/
NOGENT SUR MARNE; 490000; 76; 0; 4; 20/05/2017 23:12:36; False; www.lcimmo.fr; True; http://www.lcimmo.fr/vente/details/281/vente-appartement-4-pieces-2-chambres-nogent-sur-marne-94130/
FONTENAY SOUS BOIS; 370000; 71; 0; 3; 20/05/2017 23:12:36; False; www.lcimmo.fr; True; http://www.lcimmo.fr/vente/details/270/vente-appartement-3-pieces-fontenay-sous-bois-94120/
FONTENAY SOUS BOIS; 235000; 40; 0; 2; 20/05/2017 23:12:36; False; www.lcimmo.fr; True; http://www.lcimmo.fr/vente/details/227/vente-appartement-2-pieces-1-chambre-fontenay-sous-bois-94120/
FONTENAY SOUS BOIS; 416000; 80; 0; 4; 20/05/2017 23:12:37; False; www.lcimmo.fr; True; http://www.lcimmo.fr/vente/details/186/vente-maison-4-pieces-2-chambres-fontenay-sous-bois-94120/
FONTENAY SOUS BOIS; 158000; 25; 0; 2; 20/05/2017 23:12:37; False; www.lcimmo.fr; True; http://www.lcimmo.fr/vente/details/83/vente-appartement-2-pieces-1-chambre-fontenay-sous-bois-94120/
VINCENNES; 970000; 136; 3; 6; 20/05/2017 23:12:37; False; www.properties-v.com; True; http://www.properties-v.com/property-detail.php?ID=D503-01-14879692&q=ville%3D%26type_bien%3D%26budget%3D2%26surface%3D1%26trier_par%3D%26page%3D1
VINCENNES; 950000; 110; 4; 6; 20/05/2017 23:12:37; False; www.properties-v.com; True; http://www.properties-v.com/property-detail.php?ID=D503-01-15349747&q=ville%3D%26type_bien%3D%26budget%3D2%26surface%3D1%26trier_par%3D%26page%3D1
FONTENAY SOUS BOIS; 950000; 260; 5; 7; 20/05/2017 23:12:37; False; www.properties-v.com; True; http://www.properties-v.com/property-detail.php?ID=D503-01-14775258&q=ville%3D%26type_bien%3D%26budget%3D2%26surface%3D1%26trier_par%3D%26page%3D1
VINCENNES; 860000; 115; 3; 5; 20/05/2017 23:12:37; False; www.properties-v.com; True; http://www.properties-v.com/property-detail.php?ID=D503-01-15061057&q=ville%3D%26type_bien%3D%26budget%3D2%26surface%3D1%26trier_par%3D%26page%3D1
ST MANDE; 850000; 98; 3; 5; 20/05/2017 23:12:37; False; www.properties-v.com; True; http://www.properties-v.com/property-detail.php?ID=D503-01-14830844&q=ville%3D%26type_bien%3D%26budget%3D2%26surface%3D1%26trier_par%3D%26page%3D1
VINCENNES; 789000; 99; 3; 5; 20/05/2017 23:12:38; True; www.properties-v.com; True; http://www.properties-v.com/property-detail.php?ID=D503-01-15332483&q=ville%3D%26type_bien%3D%26budget%3D2%26surface%3D1%26trier_par%3D%26page%3D2
FONTENAY SOUS BOIS; 785000; 105; 3; 5; 20/05/2017 23:12:38; True; www.properties-v.com; True; http://www.properties-v.com/property-detail.php?ID=D503-01-15281029&q=ville%3D%26type_bien%3D%26budget%3D2%26surface%3D1%26trier_par%3D%26page%3D2
MONTREUIL; 750000; 130; 5; 6; 20/05/2017 23:12:38; True; www.properties-v.com; True; http://www.properties-v.com/property-detail.php?ID=D503-01-15393826&q=ville%3D%26type_bien%3D%26budget%3D2%26surface%3D1%26trier_par%3D%26page%3D2
VINCENNES; 720000; 97; 3; 5; 20/05/2017 23:12:38; True; www.properties-v.com; True; http://www.properties-v.com/property-detail.php?ID=D503-01-15263066&q=ville%3D%26type_bien%3D%26budget%3D2%26surface%3D1%26trier_par%3D%26page%3D2
VINCENNES; 700000; 92; 3; 4; 20/05/2017 23:12:38; True; www.properties-v.com; True; http://www.properties-v.com/property-detail.php?ID=D503-01-15103946&q=ville%3D%26type_bien%3D%26budget%3D2%26surface%3D1%26trier_par%3D%26page%3D2
VINCENNES; 635000; 72; 2; 3; 20/05/2017 23:12:38; False; www.properties-v.com; True; http://www.properties-v.com/property-detail.php?ID=D503-01-15104096&q=ville%3D%26type_bien%3D%26budget%3D2%26surface%3D1%26trier_par%3D%26page%3D3
VINCENNES; 620000; 71; 2; 3; 20/05/2017 23:12:38; False; www.properties-v.com; True; http://www.properties-v.com/property-detail.php?ID=D503-01-15214146&q=ville%3D%26type_bien%3D%26budget%3D2%26surface%3D1%26trier_par%3D%26page%3D3
VINCENNES; 618000; 71; 2; 4; 20/05/2017 23:12:38; False; www.properties-v.com; True; http://www.properties-v.com/property-detail.php?ID=D503-01-15320052&q=ville%3D%26type_bien%3D%26budget%3D2%26surface%3D1%26trier_par%3D%26page%3D3
VINCENNES; 595000; 71; 2; 3; 20/05/2017 23:12:38; False; www.properties-v.com; True; http://www.properties-v.com/property-detail.php?ID=D503-01-15285380&q=ville%3D%26type_bien%3D%26budget%3D2%26surface%3D1%26trier_par%3D%26page%3D3
VINCENNES; 585000; 68; 2; 3; 20/05/2017 23:12:38; False; www.properties-v.com; True; http://www.properties-v.com/property-detail.php?ID=D503-01-15382807&q=ville%3D%26type_bien%3D%26budget%3D2%26surface%3D1%26trier_par%3D%26page%3D3
VINCENNES; 570000; 63; 2; 3; 20/05/2017 23:12:38; False; www.properties-v.com; True; http://www.properties-v.com/property-detail.php?ID=D503-01-15344440&q=ville%3D%26type_bien%3D%26budget%3D2%26surface%3D1%26trier_par%3D%26page%3D4
ST MAURICE; 550000; 82; 3; 5; 20/05/2017 23:12:38; False; www.properties-v.com; True; http://www.properties-v.com/property-detail.php?ID=D503-01-15389972&q=ville%3D%26type_bien%3D%26budget%3D2%26surface%3D1%26trier_par%3D%26page%3D4
VINCENNES; 535000; 71; 2; 3; 20/05/2017 23:12:38; False; www.properties-v.com; True; http://www.properties-v.com/property-detail.php?ID=D503-01-14830892&q=ville%3D%26type_bien%3D%26budget%3D2%26surface%3D1%26trier_par%3D%26page%3D4
MONTREUIL; 230000; 97; 0; 5; 22/05/2017 19:09:39; True; www.century21.fr; True; http://www.century21.fr/trouver_logement/detail/1398741835/
FONTENAY SOUS BOIS; 281000; 81; 0; 4; 22/05/2017 19:10:05; False; www.century21.fr; True; http://www.century21.fr/trouver_logement/detail/1313059785/
MONTREUIL; 299000; 85; 0; 5; 22/05/2017 19:10:05; True; www.century21.fr; True; http://www.century21.fr/trouver_logement/detail/1407482102/
MONTREUIL; 299000; 82; 0; 5; 22/05/2017 19:10:06; False; www.century21.fr; True; http://www.century21.fr/trouver_logement/detail/1293957067/
FONTENAY SOUS BOIS; 344000; 93; 0; 3; 22/05/2017 19:10:06; False; www.century21.fr; True; http://www.century21.fr/trouver_logement/detail/1313536243/
MONTREUIL; 399000; 110; 0; 4; 22/05/2017 19:10:06; True; www.century21.fr; True; http://www.century21.fr/trouver_logement/detail/1356227290/
MONTREUIL; 435000; 150; 0; 6; 22/05/2017 19:10:07; True; www.century21.fr; True; http://www.century21.fr/trouver_logement/detail/1275047579/
MONTREUIL; 439000; 102; 0; 4; 22/05/2017 19:10:07; True; www.century21.fr; True; http://www.century21.fr/trouver_logement/detail/1398596327/
NOGENT SUR MARNE; 475000; 100; 0; 4; 22/05/2017 19:10:07; True; www.century21.fr; True; http://www.century21.fr/trouver_logement/detail/1309943371/
VINCENNES; 480000; 83; 0; 4; 22/05/2017 19:10:07; False; www.century21.fr; True; http://www.century21.fr/trouver_logement/detail/1423289611/
MONTREUIL; 480000; 83; 0; 4; 22/05/2017 19:10:08; False; www.century21.fr; True; http://www.century21.fr/trouver_logement/detail/1423288900/
NOGENT SUR MARNE; 495000; 83; 0; 5; 22/05/2017 19:10:08; False; www.century21.fr; True; http://www.century21.fr/trouver_logement/detail/1413591790/
FONTENAY SOUS BOIS; 499000; 115; 0; 6; 22/05/2017 19:10:08; True; www.century21.fr; True; http://www.century21.fr/trouver_logement/detail/1331939377/
FONTENAY SOUS BOIS; 535000; 160; 0; 6; 22/05/2017 19:10:08; True; www.century21.fr; True; http://www.century21.fr/trouver_logement/detail/1202431780/
FONTENAY SOUS BOIS; 585000; 110; 0; 5; 22/05/2017 19:10:09; True; www.century21.fr; True; http://www.century21.fr/trouver_logement/detail/1281797396/
NOGENT SUR MARNE; 629000; 98; 0; 5; 22/05/2017 19:10:09; True; www.century21.fr; True; http://www.century21.fr/trouver_logement/detail/1399945995/
FONTENAY SOUS BOIS; 640000; 130; 0; 5; 22/05/2017 19:10:09; True; www.century21.fr; True; http://www.century21.fr/trouver_logement/detail/1247362080/
VINCENNES; 668000; 105; 0; 6; 22/05/2017 19:10:10; True; www.century21.fr; True; http://www.century21.fr/trouver_logement/detail/1317078068/
NOGENT SUR MARNE; 700000; 117; 0; 5; 22/05/2017 19:10:10; True; www.century21.fr; True; http://www.century21.fr/trouver_logement/detail/943908929/
MONTREUIL; 720000; 278; 0; 10; 22/05/2017 19:10:11; True; www.century21.fr; True; http://www.century21.fr/trouver_logement/detail/1400554139/
MONTREUIL; 750000; 194; 0; 5; 22/05/2017 19:10:12; True; www.century21.fr; True; http://www.century21.fr/trouver_logement/detail/1421467216/
MONTREUIL; 750000; 169; 0; 5; 22/05/2017 19:10:13; True; www.century21.fr; True; http://www.century21.fr/trouver_logement/detail/1421489272/
NOGENT SUR MARNE; 780000; 134; 0; 6; 22/05/2017 19:10:13; True; www.century21.fr; True; http://www.century21.fr/trouver_logement/detail/1280013890/
